[
{
  "model": "service_development.voicelabel",
  "pk": 1,
  "fields": {
    "name": "Dutch language",
    "description": "Nederlandse taal"
  }
},
{
  "model": "service_development.voicelabel",
  "pk": 2,
  "fields": {
    "name": "General error message",
    "description": ""
  }
},
{
  "model": "service_development.voicelabel",
  "pk": 4,
  "fields": {
    "name": "English language",
    "description": ""
  }
},
{
  "model": "service_development.voicelabel",
  "pk": 7,
  "fields": {
    "name": "French language",
    "description": ""
  }
},
{
  "model": "service_development.voicelabel",
  "pk": 8,
  "fields": {
    "name": "Please select your language",
    "description": ""
  }
},
{
  "model": "service_development.voicelabel",
  "pk": 9,
  "fields": {
    "name": "Pre Choice Option",
    "description": ""
  }
},
{
  "model": "service_development.voicelabel",
  "pk": 10,
  "fields": {
    "name": "Post Choice Option",
    "description": ""
  }
},
{
  "model": "service_development.voicelabel",
  "pk": 11,
  "fields": {
    "name": "One",
    "description": null
  }
},
{
  "model": "service_development.voicelabel",
  "pk": 12,
  "fields": {
    "name": "Two",
    "description": null
  }
},
{
  "model": "service_development.voicelabel",
  "pk": 13,
  "fields": {
    "name": "Three",
    "description": null
  }
},
{
  "model": "service_development.voicelabel",
  "pk": 14,
  "fields": {
    "name": "Four",
    "description": null
  }
},
{
  "model": "service_development.voicelabel",
  "pk": 15,
  "fields": {
    "name": "Five",
    "description": null
  }
},
{
  "model": "service_development.voicelabel",
  "pk": 16,
  "fields": {
    "name": "Six",
    "description": null
  }
},
{
  "model": "service_development.voicelabel",
  "pk": 17,
  "fields": {
    "name": "Seven",
    "description": null
  }
},
{
  "model": "service_development.voicelabel",
  "pk": 18,
  "fields": {
    "name": "Eight",
    "description": null
  }
},
{
  "model": "service_development.voicelabel",
  "pk": 19,
  "fields": {
    "name": "Nine",
    "description": null
  }
},
{
  "model": "service_development.voicelabel",
  "pk": 20,
  "fields": {
    "name": "Zero",
    "description": null
  }
},
{
  "model": "service_development.voicelabel",
  "pk": 21,
  "fields": {
    "name": "Yes",
    "description": ""
  }
},
{
  "model": "service_development.voicelabel",
  "pk": 22,
  "fields": {
    "name": "No",
    "description": ""
  }
},
{
  "model": "service_development.voicelabel",
  "pk": 27,
  "fields": {
    "name": "Greeting - Buy or Sell",
    "description": "Will greet Vendu users and as for them to choose to either buy or sell"
  }
},
{
  "model": "service_development.voicelabel",
  "pk": 29,
  "fields": {
    "name": "How Many Jars do you want to buy",
    "description": "Will ask the user how many jars he want s to buy"
  }
},
{
  "model": "service_development.voicelabel",
  "pk": 30,
  "fields": {
    "name": "You chose to buy. At the moment we have a total of",
    "description": "Will let the user know that you have chosen to buy instead of sell"
  }
},
{
  "model": "service_development.voicelabel",
  "pk": 31,
  "fields": {
    "name": "How Many Jars do you want to buy",
    "description": "Prompt the user to input the number of jars to sell"
  }
},
{
  "model": "service_development.voicelabel",
  "pk": 32,
  "fields": {
    "name": "Shea Butter",
    "description": "Voice fragment representing shea butter"
  }
},
{
  "model": "service_development.voicelabel",
  "pk": 33,
  "fields": {
    "name": "Jars of Honey",
    "description": "Jars of honey as an item"
  }
},
{
  "model": "service_development.voicelabel",
  "pk": 34,
  "fields": {
    "name": "Jars of Shea Nuts",
    "description": "Jars of Shea Nuts as an item"
  }
},
{
  "model": "service_development.voicelabel",
  "pk": 35,
  "fields": {
    "name": "You have chose to Buy. At the moment we have a tot",
    "description": "Prompts the user that they have chosen to buy a particular item, to be used before a number"
  }
},
{
  "model": "service_development.voicelabel",
  "pk": 36,
  "fields": {
    "name": "Ten",
    "description": "Number 10"
  }
},
{
  "model": "service_development.voicelabel",
  "pk": 37,
  "fields": {
    "name": "Eleven",
    "description": "Number Eleven"
  }
},
{
  "model": "service_development.voicelabel",
  "pk": 38,
  "fields": {
    "name": "Twelve",
    "description": "Number 12"
  }
},
{
  "model": "service_development.voicelabel",
  "pk": 39,
  "fields": {
    "name": "Thirteen",
    "description": "Number 13"
  }
},
{
  "model": "service_development.voicelabel",
  "pk": 40,
  "fields": {
    "name": "Fourteen",
    "description": "Number 14"
  }
},
{
  "model": "service_development.voicelabel",
  "pk": 41,
  "fields": {
    "name": "Fifteen",
    "description": "Number 15"
  }
},
{
  "model": "service_development.voicelabel",
  "pk": 42,
  "fields": {
    "name": "Sixteen",
    "description": "Number 16"
  }
},
{
  "model": "service_development.voicelabel",
  "pk": 43,
  "fields": {
    "name": "Seventeen",
    "description": "Number 17"
  }
},
{
  "model": "service_development.voicelabel",
  "pk": 44,
  "fields": {
    "name": "Eighteen",
    "description": "Number 18"
  }
},
{
  "model": "service_development.voicelabel",
  "pk": 45,
  "fields": {
    "name": "Nineteen",
    "description": "Number 19"
  }
},
{
  "model": "service_development.voicelabel",
  "pk": 46,
  "fields": {
    "name": "Twenty",
    "description": "number 20"
  }
},
{
  "model": "service_development.voicelabel",
  "pk": 47,
  "fields": {
    "name": "Please enter your number again",
    "description": "Prompts user to re-enter the value"
  }
},
{
  "model": "service_development.voicelabel",
  "pk": 48,
  "fields": {
    "name": "How much would you like to pay for these items?",
    "description": "Prompt user to input the amount of cedi to be paid for their items"
  }
},
{
  "model": "service_development.voicelabel",
  "pk": 49,
  "fields": {
    "name": "You have chosen to Pay",
    "description": "Notify the user of the value they are going to pay"
  }
},
{
  "model": "service_development.voicelabel",
  "pk": 50,
  "fields": {
    "name": "Zedi",
    "description": "Say the Zedi, the currency from ghana"
  }
},
{
  "model": "service_development.voicelabel",
  "pk": 51,
  "fields": {
    "name": "We will call you back",
    "description": "Instruct the user of the following steps after this bid"
  }
},
{
  "model": "service_development.voicelabel",
  "pk": 52,
  "fields": {
    "name": "What are you trying to sell?",
    "description": "Prompt the user to input what they are trying to sell"
  }
},
{
  "model": "service_development.voicelabel",
  "pk": 53,
  "fields": {
    "name": "You have chosen to sell",
    "description": "Notify the user they are trying to sell an item.  To be followed by the item itself and a prompt of how much is expected"
  }
},
{
  "model": "service_development.voicelabel",
  "pk": 54,
  "fields": {
    "name": "How Many",
    "description": "Request the user to input how many items must be sold.  To be followed by the items"
  }
},
{
  "model": "service_development.voicelabel",
  "pk": 55,
  "fields": {
    "name": "Would you like to sell",
    "description": "Continuation of how many would you like to sell"
  }
},
{
  "model": "service_development.voicelabel",
  "pk": 56,
  "fields": {
    "name": "We will call you back sell",
    "description": "Closing sentence on sell"
  }
},
{
  "model": "service_development.voicelabel",
  "pk": 57,
  "fields": {
    "name": "At the moment we have",
    "description": "Prompts the user what items are for sale, to be followed by a number, by the item, and by a prompt to request what to sell"
  }
},
{
  "model": "service_development.voicelabel",
  "pk": 58,
  "fields": {
    "name": "You have chosen to buy one VLABEL",
    "description": "User chose to buy one"
  }
},
{
  "model": "service_development.voicelabel",
  "pk": 59,
  "fields": {
    "name": "You have chosen to buy 2 VLABEL",
    "description": "User chose to buy 2"
  }
},
{
  "model": "service_development.language",
  "pk": 2,
  "fields": {
    "name": "English",
    "code": "en",
    "voice_label": 4,
    "error_message": 2,
    "select_language": 8,
    "pre_choice_option": 9,
    "post_choice_option": 10,
    "one": 11,
    "two": 12,
    "three": 13,
    "four": 14,
    "five": 15,
    "six": 16,
    "seven": 17,
    "eight": 18,
    "nine": 19,
    "zero": 20
  }
},
{
  "model": "service_development.language",
  "pk": 3,
  "fields": {
    "name": "Francais",
    "code": "fr",
    "voice_label": 7,
    "error_message": 2,
    "select_language": 8,
    "pre_choice_option": 9,
    "post_choice_option": 10,
    "one": 11,
    "two": 12,
    "three": 13,
    "four": 14,
    "five": 15,
    "six": 16,
    "seven": 17,
    "eight": 18,
    "nine": 19,
    "zero": 20
  }
},
{
  "model": "service_development.voicefragment",
  "pk": 7,
  "fields": {
    "parent": 22,
    "language": 2,
    "audio": "no_en.wav"
  }
},
{
  "model": "service_development.voicefragment",
  "pk": 8,
  "fields": {
    "parent": 22,
    "language": 3,
    "audio": "no_fr.wav"
  }
},
{
  "model": "service_development.voicefragment",
  "pk": 10,
  "fields": {
    "parent": 21,
    "language": 2,
    "audio": "yes_en.wav"
  }
},
{
  "model": "service_development.voicefragment",
  "pk": 11,
  "fields": {
    "parent": 21,
    "language": 3,
    "audio": "yes_fr.wav"
  }
},
{
  "model": "service_development.voicefragment",
  "pk": 13,
  "fields": {
    "parent": 20,
    "language": 2,
    "audio": "0_en.wav"
  }
},
{
  "model": "service_development.voicefragment",
  "pk": 14,
  "fields": {
    "parent": 20,
    "language": 3,
    "audio": "0_fr.wav"
  }
},
{
  "model": "service_development.voicefragment",
  "pk": 16,
  "fields": {
    "parent": 19,
    "language": 3,
    "audio": "9_fr.wav"
  }
},
{
  "model": "service_development.voicefragment",
  "pk": 17,
  "fields": {
    "parent": 19,
    "language": 2,
    "audio": "9_en.wav"
  }
},
{
  "model": "service_development.voicefragment",
  "pk": 19,
  "fields": {
    "parent": 18,
    "language": 2,
    "audio": "8_en.wav"
  }
},
{
  "model": "service_development.voicefragment",
  "pk": 20,
  "fields": {
    "parent": 18,
    "language": 3,
    "audio": "8_fr.wav"
  }
},
{
  "model": "service_development.voicefragment",
  "pk": 22,
  "fields": {
    "parent": 17,
    "language": 2,
    "audio": "7_en.wav"
  }
},
{
  "model": "service_development.voicefragment",
  "pk": 23,
  "fields": {
    "parent": 17,
    "language": 3,
    "audio": "7_fr.wav"
  }
},
{
  "model": "service_development.voicefragment",
  "pk": 25,
  "fields": {
    "parent": 16,
    "language": 2,
    "audio": "6_en.wav"
  }
},
{
  "model": "service_development.voicefragment",
  "pk": 26,
  "fields": {
    "parent": 16,
    "language": 3,
    "audio": "6_fr.wav"
  }
},
{
  "model": "service_development.voicefragment",
  "pk": 28,
  "fields": {
    "parent": 15,
    "language": 2,
    "audio": "5_en.wav"
  }
},
{
  "model": "service_development.voicefragment",
  "pk": 29,
  "fields": {
    "parent": 15,
    "language": 3,
    "audio": "5_fr.wav"
  }
},
{
  "model": "service_development.voicefragment",
  "pk": 31,
  "fields": {
    "parent": 14,
    "language": 3,
    "audio": "4_fr.wav"
  }
},
{
  "model": "service_development.voicefragment",
  "pk": 32,
  "fields": {
    "parent": 14,
    "language": 2,
    "audio": "4_en.wav"
  }
},
{
  "model": "service_development.voicefragment",
  "pk": 34,
  "fields": {
    "parent": 13,
    "language": 2,
    "audio": "3_en.wav"
  }
},
{
  "model": "service_development.voicefragment",
  "pk": 35,
  "fields": {
    "parent": 13,
    "language": 3,
    "audio": "3_fr.wav"
  }
},
{
  "model": "service_development.voicefragment",
  "pk": 37,
  "fields": {
    "parent": 12,
    "language": 2,
    "audio": "2_en.wav"
  }
},
{
  "model": "service_development.voicefragment",
  "pk": 38,
  "fields": {
    "parent": 12,
    "language": 3,
    "audio": "2_fr.wav"
  }
},
{
  "model": "service_development.voicefragment",
  "pk": 40,
  "fields": {
    "parent": 11,
    "language": 2,
    "audio": "1_en.wav"
  }
},
{
  "model": "service_development.voicefragment",
  "pk": 41,
  "fields": {
    "parent": 11,
    "language": 3,
    "audio": "1_fr.wav"
  }
},
{
  "model": "service_development.voicefragment",
  "pk": 43,
  "fields": {
    "parent": 10,
    "language": 2,
    "audio": "post_choice_option_en.wav"
  }
},
{
  "model": "service_development.voicefragment",
  "pk": 44,
  "fields": {
    "parent": 10,
    "language": 3,
    "audio": "post_choice_option_fr.wav"
  }
},
{
  "model": "service_development.voicefragment",
  "pk": 46,
  "fields": {
    "parent": 9,
    "language": 2,
    "audio": "pre_choice_option_en.wav"
  }
},
{
  "model": "service_development.voicefragment",
  "pk": 47,
  "fields": {
    "parent": 9,
    "language": 3,
    "audio": "pre_choice_option_fr.wav"
  }
},
{
  "model": "service_development.voicefragment",
  "pk": 49,
  "fields": {
    "parent": 8,
    "language": 2,
    "audio": "select_language_en.wav"
  }
},
{
  "model": "service_development.voicefragment",
  "pk": 50,
  "fields": {
    "parent": 8,
    "language": 3,
    "audio": "select_language_fr.wav"
  }
},
{
  "model": "service_development.voicefragment",
  "pk": 52,
  "fields": {
    "parent": 7,
    "language": 2,
    "audio": "french_en.wav"
  }
},
{
  "model": "service_development.voicefragment",
  "pk": 53,
  "fields": {
    "parent": 7,
    "language": 3,
    "audio": "french_fr.wav"
  }
},
{
  "model": "service_development.voicefragment",
  "pk": 59,
  "fields": {
    "parent": 4,
    "language": 2,
    "audio": "english_en.wav"
  }
},
{
  "model": "service_development.voicefragment",
  "pk": 60,
  "fields": {
    "parent": 4,
    "language": 3,
    "audio": "english_fr.wav"
  }
},
{
  "model": "service_development.voicefragment",
  "pk": 65,
  "fields": {
    "parent": 2,
    "language": 2,
    "audio": "error_en.wav"
  }
},
{
  "model": "service_development.voicefragment",
  "pk": 66,
  "fields": {
    "parent": 2,
    "language": 3,
    "audio": "error_fr.wav"
  }
},
{
  "model": "service_development.voicefragment",
  "pk": 68,
  "fields": {
    "parent": 1,
    "language": 2,
    "audio": "dutch_en.wav"
  }
},
{
  "model": "service_development.voicefragment",
  "pk": 69,
  "fields": {
    "parent": 1,
    "language": 3,
    "audio": "dutch_fr.wav"
  }
},
{
  "model": "service_development.voicefragment",
  "pk": 76,
  "fields": {
    "parent": 27,
    "language": 2,
    "audio": "Greeting.wav"
  }
},
{
  "model": "service_development.voicefragment",
  "pk": 78,
  "fields": {
    "parent": 29,
    "language": 2,
    "audio": "HowManyJars.wav"
  }
},
{
  "model": "service_development.voicefragment",
  "pk": 79,
  "fields": {
    "parent": 30,
    "language": 2,
    "audio": "YouChoseToBuy.wav"
  }
},
{
  "model": "service_development.voicefragment",
  "pk": 80,
  "fields": {
    "parent": 30,
    "language": 3,
    "audio": "Fr-youChooseToBuy.wav"
  }
},
{
  "model": "service_development.voicefragment",
  "pk": 81,
  "fields": {
    "parent": 29,
    "language": 3,
    "audio": "Fr-howMany.wav"
  }
},
{
  "model": "service_development.voicefragment",
  "pk": 83,
  "fields": {
    "parent": 27,
    "language": 3,
    "audio": "Fr-greeting.wav"
  }
},
{
  "model": "service_development.voicefragment",
  "pk": 84,
  "fields": {
    "parent": 31,
    "language": 2,
    "audio": "HowManyJars.wav"
  }
},
{
  "model": "service_development.voicefragment",
  "pk": 85,
  "fields": {
    "parent": 31,
    "language": 3,
    "audio": "Fr-howMany.wav"
  }
},
{
  "model": "service_development.voicefragment",
  "pk": 86,
  "fields": {
    "parent": 32,
    "language": 2,
    "audio": "JarsOfSheaButter.wav"
  }
},
{
  "model": "service_development.voicefragment",
  "pk": 87,
  "fields": {
    "parent": 32,
    "language": 3,
    "audio": "Fr-potsOfSheaButter.wav"
  }
},
{
  "model": "service_development.voicefragment",
  "pk": 88,
  "fields": {
    "parent": 33,
    "language": 2,
    "audio": "JarsOfHoney.wav"
  }
},
{
  "model": "service_development.voicefragment",
  "pk": 89,
  "fields": {
    "parent": 33,
    "language": 3,
    "audio": "Fr-potsOfHoney.wav"
  }
},
{
  "model": "service_development.voicefragment",
  "pk": 90,
  "fields": {
    "parent": 34,
    "language": 2,
    "audio": "SheaNuts.wav"
  }
},
{
  "model": "service_development.voicefragment",
  "pk": 91,
  "fields": {
    "parent": 34,
    "language": 3,
    "audio": "Fr-potsOfSheaNuts.wav"
  }
},
{
  "model": "service_development.voicefragment",
  "pk": 92,
  "fields": {
    "parent": 35,
    "language": 2,
    "audio": "YouChoseToBuy.wav"
  }
},
{
  "model": "service_development.voicefragment",
  "pk": 93,
  "fields": {
    "parent": 35,
    "language": 3,
    "audio": "Fr-youChooseToBuySingle.wav"
  }
},
{
  "model": "service_development.voicefragment",
  "pk": 94,
  "fields": {
    "parent": 36,
    "language": 3,
    "audio": "Fr-10.wav"
  }
},
{
  "model": "service_development.voicefragment",
  "pk": 95,
  "fields": {
    "parent": 36,
    "language": 2,
    "audio": "10_en.wav"
  }
},
{
  "model": "service_development.voicefragment",
  "pk": 96,
  "fields": {
    "parent": 37,
    "language": 2,
    "audio": "11_en.wav"
  }
},
{
  "model": "service_development.voicefragment",
  "pk": 97,
  "fields": {
    "parent": 37,
    "language": 3,
    "audio": "Fr-11.wav"
  }
},
{
  "model": "service_development.voicefragment",
  "pk": 98,
  "fields": {
    "parent": 38,
    "language": 3,
    "audio": "Fr-12.wav"
  }
},
{
  "model": "service_development.voicefragment",
  "pk": 99,
  "fields": {
    "parent": 38,
    "language": 2,
    "audio": "12_en.wav"
  }
},
{
  "model": "service_development.voicefragment",
  "pk": 100,
  "fields": {
    "parent": 39,
    "language": 2,
    "audio": "13_en.wav"
  }
},
{
  "model": "service_development.voicefragment",
  "pk": 101,
  "fields": {
    "parent": 39,
    "language": 3,
    "audio": "Fr-13.wav"
  }
},
{
  "model": "service_development.voicefragment",
  "pk": 102,
  "fields": {
    "parent": 40,
    "language": 3,
    "audio": "Fr-14.wav"
  }
},
{
  "model": "service_development.voicefragment",
  "pk": 103,
  "fields": {
    "parent": 40,
    "language": 2,
    "audio": "14_en.wav"
  }
},
{
  "model": "service_development.voicefragment",
  "pk": 104,
  "fields": {
    "parent": 41,
    "language": 2,
    "audio": "15_en.wav"
  }
},
{
  "model": "service_development.voicefragment",
  "pk": 105,
  "fields": {
    "parent": 41,
    "language": 3,
    "audio": "Fr-15.wav"
  }
},
{
  "model": "service_development.voicefragment",
  "pk": 106,
  "fields": {
    "parent": 42,
    "language": 2,
    "audio": "16_en.wav"
  }
},
{
  "model": "service_development.voicefragment",
  "pk": 107,
  "fields": {
    "parent": 42,
    "language": 3,
    "audio": "Fr-16.wav"
  }
},
{
  "model": "service_development.voicefragment",
  "pk": 108,
  "fields": {
    "parent": 43,
    "language": 3,
    "audio": "Fr-17.wav"
  }
},
{
  "model": "service_development.voicefragment",
  "pk": 109,
  "fields": {
    "parent": 43,
    "language": 2,
    "audio": "17_en.wav"
  }
},
{
  "model": "service_development.voicefragment",
  "pk": 110,
  "fields": {
    "parent": 44,
    "language": 2,
    "audio": "18_en.wav"
  }
},
{
  "model": "service_development.voicefragment",
  "pk": 111,
  "fields": {
    "parent": 44,
    "language": 3,
    "audio": "Fr-18.wav"
  }
},
{
  "model": "service_development.voicefragment",
  "pk": 112,
  "fields": {
    "parent": 45,
    "language": 2,
    "audio": "19_en.wav"
  }
},
{
  "model": "service_development.voicefragment",
  "pk": 113,
  "fields": {
    "parent": 45,
    "language": 3,
    "audio": "Fr-19.wav"
  }
},
{
  "model": "service_development.voicefragment",
  "pk": 114,
  "fields": {
    "parent": 46,
    "language": 2,
    "audio": "20_en.wav"
  }
},
{
  "model": "service_development.voicefragment",
  "pk": 115,
  "fields": {
    "parent": 46,
    "language": 3,
    "audio": "Fr-20.wav"
  }
},
{
  "model": "service_development.voicefragment",
  "pk": 116,
  "fields": {
    "parent": 47,
    "language": 2,
    "audio": "PleaseEnterYourNumberAgain.wav"
  }
},
{
  "model": "service_development.voicefragment",
  "pk": 117,
  "fields": {
    "parent": 47,
    "language": 3,
    "audio": "Fr-EnterNumberAgain.wav"
  }
},
{
  "model": "service_development.voicefragment",
  "pk": 118,
  "fields": {
    "parent": 48,
    "language": 3,
    "audio": "Fr-HowMuchToPayForItems2.wav"
  }
},
{
  "model": "service_development.voicefragment",
  "pk": 119,
  "fields": {
    "parent": 48,
    "language": 2,
    "audio": "HowMuchWouldYouLikeToPay.wav"
  }
},
{
  "model": "service_development.voicefragment",
  "pk": 120,
  "fields": {
    "parent": 49,
    "language": 2,
    "audio": "YouHaveChosenToPay.wav"
  }
},
{
  "model": "service_development.voicefragment",
  "pk": 121,
  "fields": {
    "parent": 49,
    "language": 3,
    "audio": "Fr-youChooseToPay.wav"
  }
},
{
  "model": "service_development.voicefragment",
  "pk": 122,
  "fields": {
    "parent": 50,
    "language": 2,
    "audio": "Zedi.wav"
  }
},
{
  "model": "service_development.voicefragment",
  "pk": 123,
  "fields": {
    "parent": 50,
    "language": 3,
    "audio": "Zedi_z2mDS59.wav"
  }
},
{
  "model": "service_development.voicefragment",
  "pk": 124,
  "fields": {
    "parent": 51,
    "language": 2,
    "audio": "WeWillCallYouBID.wav"
  }
},
{
  "model": "service_development.voicefragment",
  "pk": 125,
  "fields": {
    "parent": 51,
    "language": 3,
    "audio": "Fr-WeWillCallYouBID.wav"
  }
},
{
  "model": "service_development.voicefragment",
  "pk": 126,
  "fields": {
    "parent": 52,
    "language": 3,
    "audio": "Fr-wharAreYouSelling.wav"
  }
},
{
  "model": "service_development.voicefragment",
  "pk": 127,
  "fields": {
    "parent": 52,
    "language": 2,
    "audio": "WhatAreYouTryingToSell.wav"
  }
},
{
  "model": "service_development.voicefragment",
  "pk": 128,
  "fields": {
    "parent": 53,
    "language": 2,
    "audio": "YouHaveChosenToSell.wav"
  }
},
{
  "model": "service_development.voicefragment",
  "pk": 129,
  "fields": {
    "parent": 53,
    "language": 3,
    "audio": "Fr-youXhooseToSell.wav"
  }
},
{
  "model": "service_development.voicefragment",
  "pk": 130,
  "fields": {
    "parent": 54,
    "language": 2,
    "audio": "HowMany.wav"
  }
},
{
  "model": "service_development.voicefragment",
  "pk": 131,
  "fields": {
    "parent": 54,
    "language": 3,
    "audio": "Fr-howMany.wav"
  }
},
{
  "model": "service_development.voicefragment",
  "pk": 132,
  "fields": {
    "parent": 55,
    "language": 2,
    "audio": "Fr-ctd-would-you-like-to-sell.wav"
  }
},
{
  "model": "service_development.voicefragment",
  "pk": 133,
  "fields": {
    "parent": 55,
    "language": 3,
    "audio": "Fr-ctd-would-you-like-to-sell.wav"
  }
},
{
  "model": "service_development.voicefragment",
  "pk": 134,
  "fields": {
    "parent": 56,
    "language": 3,
    "audio": "Fr-WeWillCallSELL.wav"
  }
},
{
  "model": "service_development.voicefragment",
  "pk": 135,
  "fields": {
    "parent": 56,
    "language": 2,
    "audio": "WeWillCallYouSELL.wav"
  }
},
{
  "model": "service_development.voicefragment",
  "pk": 136,
  "fields": {
    "parent": 57,
    "language": 2,
    "audio": "AtTheMomentWeHave.wav"
  }
},
{
  "model": "service_development.voicefragment",
  "pk": 137,
  "fields": {
    "parent": 57,
    "language": 3,
    "audio": "Fr-AtTheMomentWeHave.wav"
  }
},
{
  "model": "service_development.voicefragment",
  "pk": 139,
  "fields": {
    "parent": 58,
    "language": 2,
    "audio": "You_have_chosen_to_buy_1.wav"
  }
},
{
  "model": "service_development.voicefragment",
  "pk": 140,
  "fields": {
    "parent": 59,
    "language": 2,
    "audio": "You_have_chosen_to_buy_2.wav"
  }
},
{
  "model": "service_development.voicefragment",
  "pk": 141,
  "fields": {
    "parent": 59,
    "language": 3,
    "audio": "FR-You-have-chosen-to-buy-two-articles.wav"
  }
},
{
  "model": "service_development.voicefragment",
  "pk": 142,
  "fields": {
    "parent": 58,
    "language": 3,
    "audio": "FR-You-have-chosen-to-buy-one-article.wav"
  }
},
{
  "model": "service_development.voiceservicesubelement",
  "pk": 9,
  "fields": {
    "service": 2,
    "creation_date": "2018-05-01T17:36:12.826Z",
    "modification_date": "2018-05-02T09:25:19.838Z",
    "name": "Welcome and Choice to buy or Sell",
    "description": "Choose to either buy or sell",
    "voice_label": 27
  }
},
{
  "model": "service_development.voiceservicesubelement",
  "pk": 10,
  "fields": {
    "service": 2,
    "creation_date": "2018-05-01T17:36:12.842Z",
    "modification_date": "2018-05-01T18:44:17.342Z",
    "name": "Buy",
    "description": "User Chooses to buy instead of sell",
    "voice_label": 35
  }
},
{
  "model": "service_development.voiceservicesubelement",
  "pk": 11,
  "fields": {
    "service": 2,
    "creation_date": "2018-05-01T17:37:40.873Z",
    "modification_date": "2018-05-02T09:25:19.848Z",
    "name": "Sell",
    "description": "User Chooses to Sell instead of buy",
    "voice_label": 53
  }
},
{
  "model": "service_development.voiceservicesubelement",
  "pk": 12,
  "fields": {
    "service": 2,
    "creation_date": "2018-05-01T17:48:22.406Z",
    "modification_date": "2018-05-01T18:03:53.240Z",
    "name": "At the moment we have",
    "description": "Let the user know what items are currently in stock",
    "voice_label": 57
  }
},
{
  "model": "service_development.voiceservicesubelement",
  "pk": 13,
  "fields": {
    "service": 2,
    "creation_date": "2018-05-01T18:02:30.343Z",
    "modification_date": "2018-05-05T18:31:02.237Z",
    "name": "Buy 3: Number of items available for sale",
    "description": "Lets the user know of the number of items available for sale",
    "voice_label": 43
  }
},
{
  "model": "service_development.voiceservicesubelement",
  "pk": 14,
  "fields": {
    "service": 2,
    "creation_date": "2018-05-01T18:03:31.828Z",
    "modification_date": "2018-05-05T19:21:01.467Z",
    "name": "Buy 2: At the moment we have_",
    "description": "States the current item that is on schedule for sale",
    "voice_label": 57
  }
},
{
  "model": "service_development.voiceservicesubelement",
  "pk": 16,
  "fields": {
    "service": 2,
    "creation_date": "2018-05-01T18:24:00.620Z",
    "modification_date": "2018-05-05T19:20:48.903Z",
    "name": "Buy 1: You have chosen to buy",
    "description": "Start the prompt to notify the user of its choice and request the payment ammount",
    "voice_label": 35
  }
},
{
  "model": "service_development.voiceservicesubelement",
  "pk": 17,
  "fields": {
    "service": 2,
    "creation_date": "2018-05-01T18:26:23.304Z",
    "modification_date": "2018-05-05T19:21:14.768Z",
    "name": "Buy 4: Item that can be bought-Honey",
    "description": "the item that the user chose to buy.  This item will be followed by the quantity the user selected",
    "voice_label": 33
  }
},
{
  "model": "service_development.voiceservicesubelement",
  "pk": 18,
  "fields": {
    "service": 2,
    "creation_date": "2018-05-01T18:27:24.579Z",
    "modification_date": "2018-05-01T18:29:18.072Z",
    "name": "number of items chosen",
    "description": "This represent the number of items the user is trying to buy",
    "voice_label": 15
  }
},
{
  "model": "service_development.voiceservicesubelement",
  "pk": 20,
  "fields": {
    "service": 2,
    "creation_date": "2018-05-01T18:30:26.798Z",
    "modification_date": "2018-05-01T18:34:13.736Z",
    "name": "You chose to pay",
    "description": "Starts the prompt that ends the buying conversation sequence",
    "voice_label": 49
  }
},
{
  "model": "service_development.voiceservicesubelement",
  "pk": 21,
  "fields": {
    "service": 2,
    "creation_date": "2018-05-01T18:31:29.028Z",
    "modification_date": "2018-05-01T18:34:20.740Z",
    "name": "Value to pay",
    "description": "States to the user what value he or she has stated that will be paid",
    "voice_label": 43
  }
},
{
  "model": "service_development.voiceservicesubelement",
  "pk": 22,
  "fields": {
    "service": 2,
    "creation_date": "2018-05-01T18:32:43.309Z",
    "modification_date": "2018-05-01T18:34:37.752Z",
    "name": "Zedi",
    "description": "State the currency to be paid, and finalize with a reference to the final instructions",
    "voice_label": 50
  }
},
{
  "model": "service_development.voiceservicesubelement",
  "pk": 23,
  "fields": {
    "service": 2,
    "creation_date": "2018-05-01T18:33:58.526Z",
    "modification_date": "2018-05-01T18:33:58.526Z",
    "name": "We will call back buy",
    "description": "Finalize the call after the final instructions for the user are given",
    "voice_label": 51
  }
},
{
  "model": "service_development.voiceservicesubelement",
  "pk": 24,
  "fields": {
    "service": 2,
    "creation_date": "2018-05-01T18:56:01.930Z",
    "modification_date": "2018-05-05T18:17:08.742Z",
    "name": "Sell 2: What are you trying to sell",
    "description": "Request the user to input what item is being sold",
    "voice_label": 52
  }
},
{
  "model": "service_development.voiceservicesubelement",
  "pk": 25,
  "fields": {
    "service": 2,
    "creation_date": "2018-05-01T18:56:01.938Z",
    "modification_date": "2018-05-02T09:05:47.672Z",
    "name": "Shea Nuts",
    "description": "The user will be selling shea nuts",
    "voice_label": 34
  }
},
{
  "model": "service_development.voiceservicesubelement",
  "pk": 26,
  "fields": {
    "service": 2,
    "creation_date": "2018-05-01T18:56:01.940Z",
    "modification_date": "2018-05-02T09:05:47.674Z",
    "name": "Jars of Honey",
    "description": "The user will be selling jars of honey",
    "voice_label": 33
  }
},
{
  "model": "service_development.voiceservicesubelement",
  "pk": 27,
  "fields": {
    "service": 2,
    "creation_date": "2018-05-01T18:56:01.942Z",
    "modification_date": "2018-05-02T09:05:47.675Z",
    "name": "Jars of Shea Butter",
    "description": "The user will be selling jars of Shea Butter",
    "voice_label": 32
  }
},
{
  "model": "service_development.voiceservicesubelement",
  "pk": 28,
  "fields": {
    "service": 2,
    "creation_date": "2018-05-01T18:57:15.429Z",
    "modification_date": "2018-05-01T19:00:27.496Z",
    "name": "Chosen to Sell Honey",
    "description": "User feedback for sale of honey",
    "voice_label": 53
  }
},
{
  "model": "service_development.voiceservicesubelement",
  "pk": 29,
  "fields": {
    "service": 2,
    "creation_date": "2018-05-01T18:57:49.558Z",
    "modification_date": "2018-05-01T19:09:34.540Z",
    "name": "The item to sell honey",
    "description": "The item bein sold is honey",
    "voice_label": 33
  }
},
{
  "model": "service_development.voiceservicesubelement",
  "pk": 30,
  "fields": {
    "service": 2,
    "creation_date": "2018-05-01T18:58:25.454Z",
    "modification_date": "2018-05-01T19:09:43.790Z",
    "name": "You have chosen to sell Shea Butter",
    "description": "User will be selling shea butter",
    "voice_label": 53
  }
},
{
  "model": "service_development.voiceservicesubelement",
  "pk": 31,
  "fields": {
    "service": 2,
    "creation_date": "2018-05-01T18:58:57.597Z",
    "modification_date": "2018-05-01T19:10:04.198Z",
    "name": "Item to sell Shea Butter",
    "description": "The item bein sold is shea butter",
    "voice_label": 32
  }
},
{
  "model": "service_development.voiceservicesubelement",
  "pk": 32,
  "fields": {
    "service": 2,
    "creation_date": "2018-05-01T18:59:45.915Z",
    "modification_date": "2018-05-01T19:01:23.373Z",
    "name": "You have chosen to sell Shea Nuts",
    "description": "The item bein sold is Shea Nuts",
    "voice_label": 53
  }
},
{
  "model": "service_development.voiceservicesubelement",
  "pk": 33,
  "fields": {
    "service": 2,
    "creation_date": "2018-05-01T19:00:16.482Z",
    "modification_date": "2018-05-01T19:08:57.023Z",
    "name": "Item to sell Shea Nuts",
    "description": "The item bein sold is Shea Nuts",
    "voice_label": 34
  }
},
{
  "model": "service_development.voiceservicesubelement",
  "pk": 34,
  "fields": {
    "service": 2,
    "creation_date": "2018-05-01T19:02:44.105Z",
    "modification_date": "2018-05-01T19:09:13.583Z",
    "name": "How many Shea Nuts sell",
    "description": "Ask the user how many shea nuts to sell",
    "voice_label": 54
  }
},
{
  "model": "service_development.voiceservicesubelement",
  "pk": 35,
  "fields": {
    "service": 2,
    "creation_date": "2018-05-01T19:04:16.584Z",
    "modification_date": "2018-05-01T19:10:23.430Z",
    "name": "How Many Honey Sell",
    "description": "Ask how many shea nuts to sell",
    "voice_label": 54
  }
},
{
  "model": "service_development.voiceservicesubelement",
  "pk": 36,
  "fields": {
    "service": 2,
    "creation_date": "2018-05-01T19:04:47.460Z",
    "modification_date": "2018-05-01T19:10:41.096Z",
    "name": "How many shea butter sell",
    "description": "Ask how many shea butter jars to sell",
    "voice_label": 54
  }
},
{
  "model": "service_development.voiceservicesubelement",
  "pk": 37,
  "fields": {
    "service": 2,
    "creation_date": "2018-05-01T19:07:08.553Z",
    "modification_date": "2018-05-01T19:15:01.668Z",
    "name": "conclude How many to sell question Shea Nut",
    "description": "Conclude sentense How many to sell",
    "voice_label": 55
  }
},
{
  "model": "service_development.voiceservicesubelement",
  "pk": 38,
  "fields": {
    "service": 2,
    "creation_date": "2018-05-01T19:07:41.713Z",
    "modification_date": "2018-05-01T19:15:07.873Z",
    "name": "conclude how many to sell question Shea Butter",
    "description": "Conclude sentense How many to sell",
    "voice_label": 55
  }
},
{
  "model": "service_development.voiceservicesubelement",
  "pk": 39,
  "fields": {
    "service": 2,
    "creation_date": "2018-05-01T19:08:13.998Z",
    "modification_date": "2018-05-01T19:15:18.348Z",
    "name": "conclude how many to sell question honey",
    "description": "Conclude sentense How many to sell honey",
    "voice_label": 55
  }
},
{
  "model": "service_development.voiceservicesubelement",
  "pk": 40,
  "fields": {
    "service": 2,
    "creation_date": "2018-05-01T19:14:53.743Z",
    "modification_date": "2018-05-01T19:15:23.592Z",
    "name": "Ending Sentence Sell",
    "description": "Start the ending sentence for selling shea butter",
    "voice_label": 56
  }
},
{
  "model": "service_development.voiceservicesubelement",
  "pk": 41,
  "fields": {
    "service": 2,
    "creation_date": "2018-05-02T08:47:18.918Z",
    "modification_date": "2018-05-05T18:21:41.775Z",
    "name": "Sell3: Number of honey jars to sell",
    "description": "Specify the number of honey jars to sell",
    "voice_label": 54
  }
},
{
  "model": "service_development.voiceservicesubelement",
  "pk": 42,
  "fields": {
    "service": 2,
    "creation_date": "2018-05-02T08:47:18.943Z",
    "modification_date": "2018-05-02T09:07:01.875Z",
    "name": "1",
    "description": "Only one honey jar to sell",
    "voice_label": 11
  }
},
{
  "model": "service_development.voiceservicesubelement",
  "pk": 43,
  "fields": {
    "service": 2,
    "creation_date": "2018-05-02T08:47:18.946Z",
    "modification_date": "2018-05-02T09:07:01.877Z",
    "name": "2",
    "description": "Two honey jars to sell",
    "voice_label": 12
  }
},
{
  "model": "service_development.voiceservicesubelement",
  "pk": 51,
  "fields": {
    "service": 2,
    "creation_date": "2018-05-02T08:53:05.210Z",
    "modification_date": "2018-05-05T18:24:50.403Z",
    "name": "Sell 4: Payment for the Honey Jars",
    "description": "Specify the payment for the honey jars to be bought",
    "voice_label": 48
  }
},
{
  "model": "service_development.voiceservicesubelement",
  "pk": 52,
  "fields": {
    "service": 2,
    "creation_date": "2018-05-02T08:53:05.245Z",
    "modification_date": "2018-05-05T18:24:50.408Z",
    "name": "1",
    "description": "1 Zedi",
    "voice_label": 11
  }
},
{
  "model": "service_development.voiceservicesubelement",
  "pk": 53,
  "fields": {
    "service": 2,
    "creation_date": "2018-05-02T08:53:05.248Z",
    "modification_date": "2018-05-05T18:24:50.409Z",
    "name": "2",
    "description": "2 Zedi",
    "voice_label": 12
  }
},
{
  "model": "service_development.voiceservicesubelement",
  "pk": 71,
  "fields": {
    "service": 2,
    "creation_date": "2018-05-02T09:03:41.800Z",
    "modification_date": "2018-05-02T09:03:41.800Z",
    "name": "Initial You have chosen to sell",
    "description": "First you have chosen to sell, to be followed by question on what are they trying to sell",
    "voice_label": 53
  }
},
{
  "model": "service_development.voiceservicesubelement",
  "pk": 72,
  "fields": {
    "service": 2,
    "creation_date": "2018-05-02T09:24:54.114Z",
    "modification_date": "2018-05-05T18:14:54.665Z",
    "name": "Sell 1: You have chosen to sell",
    "description": "User decides to sell honey",
    "voice_label": 53
  }
},
{
  "model": "service_development.voiceservicesubelement",
  "pk": 73,
  "fields": {
    "service": 2,
    "creation_date": "2018-05-05T18:05:29.394Z",
    "modification_date": "2018-05-05T19:17:31.374Z",
    "name": "Buy 5: Number of Honey Jars to Buy",
    "description": "",
    "voice_label": 29
  }
},
{
  "model": "service_development.voiceservicesubelement",
  "pk": 74,
  "fields": {
    "service": 2,
    "creation_date": "2018-05-05T18:05:29.414Z",
    "modification_date": "2018-05-05T19:17:31.378Z",
    "name": "1",
    "description": "1",
    "voice_label": 11
  }
},
{
  "model": "service_development.voiceservicesubelement",
  "pk": 75,
  "fields": {
    "service": 2,
    "creation_date": "2018-05-05T18:05:29.416Z",
    "modification_date": "2018-05-05T19:17:31.379Z",
    "name": "2",
    "description": "2",
    "voice_label": 12
  }
},
{
  "model": "service_development.voiceservicesubelement",
  "pk": 76,
  "fields": {
    "service": 2,
    "creation_date": "2018-05-05T18:24:11.103Z",
    "modification_date": "2018-05-05T18:24:11.103Z",
    "name": "Sell 5: We will call back after sell",
    "description": "Call back for end of sale",
    "voice_label": 56
  }
},
{
  "model": "service_development.voiceservicesubelement",
  "pk": 79,
  "fields": {
    "service": 2,
    "creation_date": "2018-05-05T19:16:35.530Z",
    "modification_date": "2018-05-05T19:21:55.068Z",
    "name": "Buy 6: How much to pay",
    "description": "Ask the user how much to pay",
    "voice_label": 48
  }
},
{
  "model": "service_development.voiceservicesubelement",
  "pk": 80,
  "fields": {
    "service": 2,
    "creation_date": "2018-05-05T19:16:35.564Z",
    "modification_date": "2018-05-05T19:21:55.074Z",
    "name": "1",
    "description": "1",
    "voice_label": 11
  }
},
{
  "model": "service_development.voiceservicesubelement",
  "pk": 81,
  "fields": {
    "service": 2,
    "creation_date": "2018-05-05T19:16:35.565Z",
    "modification_date": "2018-05-05T19:21:55.075Z",
    "name": "2",
    "description": "2",
    "voice_label": 12
  }
},
{
  "model": "service_development.voiceservicesubelement",
  "pk": 83,
  "fields": {
    "service": 2,
    "creation_date": "2018-05-05T19:20:37.549Z",
    "modification_date": "2018-05-05T19:20:37.549Z",
    "name": "Buy 7: We will call you back buy",
    "description": "Closing statement for a buy",
    "voice_label": 51
  }
},
{
  "model": "service_development.voiceserviceelement",
  "pk": 9,
  "fields": {}
},
{
  "model": "service_development.voiceserviceelement",
  "pk": 12,
  "fields": {}
},
{
  "model": "service_development.voiceserviceelement",
  "pk": 13,
  "fields": {}
},
{
  "model": "service_development.voiceserviceelement",
  "pk": 14,
  "fields": {}
},
{
  "model": "service_development.voiceserviceelement",
  "pk": 16,
  "fields": {}
},
{
  "model": "service_development.voiceserviceelement",
  "pk": 17,
  "fields": {}
},
{
  "model": "service_development.voiceserviceelement",
  "pk": 18,
  "fields": {}
},
{
  "model": "service_development.voiceserviceelement",
  "pk": 20,
  "fields": {}
},
{
  "model": "service_development.voiceserviceelement",
  "pk": 21,
  "fields": {}
},
{
  "model": "service_development.voiceserviceelement",
  "pk": 22,
  "fields": {}
},
{
  "model": "service_development.voiceserviceelement",
  "pk": 23,
  "fields": {}
},
{
  "model": "service_development.voiceserviceelement",
  "pk": 24,
  "fields": {}
},
{
  "model": "service_development.voiceserviceelement",
  "pk": 28,
  "fields": {}
},
{
  "model": "service_development.voiceserviceelement",
  "pk": 29,
  "fields": {}
},
{
  "model": "service_development.voiceserviceelement",
  "pk": 30,
  "fields": {}
},
{
  "model": "service_development.voiceserviceelement",
  "pk": 31,
  "fields": {}
},
{
  "model": "service_development.voiceserviceelement",
  "pk": 32,
  "fields": {}
},
{
  "model": "service_development.voiceserviceelement",
  "pk": 33,
  "fields": {}
},
{
  "model": "service_development.voiceserviceelement",
  "pk": 34,
  "fields": {}
},
{
  "model": "service_development.voiceserviceelement",
  "pk": 35,
  "fields": {}
},
{
  "model": "service_development.voiceserviceelement",
  "pk": 36,
  "fields": {}
},
{
  "model": "service_development.voiceserviceelement",
  "pk": 37,
  "fields": {}
},
{
  "model": "service_development.voiceserviceelement",
  "pk": 38,
  "fields": {}
},
{
  "model": "service_development.voiceserviceelement",
  "pk": 39,
  "fields": {}
},
{
  "model": "service_development.voiceserviceelement",
  "pk": 40,
  "fields": {}
},
{
  "model": "service_development.voiceserviceelement",
  "pk": 41,
  "fields": {}
},
{
  "model": "service_development.voiceserviceelement",
  "pk": 51,
  "fields": {}
},
{
  "model": "service_development.voiceserviceelement",
  "pk": 71,
  "fields": {}
},
{
  "model": "service_development.voiceserviceelement",
  "pk": 72,
  "fields": {}
},
{
  "model": "service_development.voiceserviceelement",
  "pk": 73,
  "fields": {}
},
{
  "model": "service_development.voiceserviceelement",
  "pk": 76,
  "fields": {}
},
{
  "model": "service_development.voiceserviceelement",
  "pk": 79,
  "fields": {}
},
{
  "model": "service_development.voiceserviceelement",
  "pk": 83,
  "fields": {}
},
{
  "model": "service_development.voiceservice",
  "pk": 2,
  "fields": {
    "name": "Vendu",
    "description": "Market Service to Auction Farmed Items",
    "creation_date": "2018-05-01T08:56:08.503Z",
    "modification_date": "2018-05-03T08:35:00.731Z",
    "active": true,
    "_start_element": 9,
    "registration": "disabled",
    "registration_language": true,
    "registration_name": false,
    "supported_languages": [
      2
    ]
  }
},
{
  "model": "service_development.callsession",
  "pk": 1,
  "fields": {
    "start": "2018-05-02T09:31:44.714Z",
    "end": null,
    "user": null,
    "caller_id": null,
    "service": 2,
    "_language": null
  }
},
{
  "model": "service_development.callsession",
  "pk": 2,
  "fields": {
    "start": "2018-05-02T09:34:03.031Z",
    "end": null,
    "user": null,
    "caller_id": null,
    "service": 2,
    "_language": null
  }
},
{
  "model": "service_development.callsession",
  "pk": 3,
  "fields": {
    "start": "2018-05-02T09:35:04.227Z",
    "end": null,
    "user": null,
    "caller_id": null,
    "service": 2,
    "_language": null
  }
},
{
  "model": "service_development.callsession",
  "pk": 4,
  "fields": {
    "start": "2018-05-02T09:42:52.956Z",
    "end": null,
    "user": null,
    "caller_id": null,
    "service": 2,
    "_language": null
  }
},
{
  "model": "service_development.callsession",
  "pk": 5,
  "fields": {
    "start": "2018-05-02T10:02:07.430Z",
    "end": null,
    "user": null,
    "caller_id": null,
    "service": 2,
    "_language": null
  }
},
{
  "model": "service_development.callsession",
  "pk": 6,
  "fields": {
    "start": "2018-05-02T10:09:33.705Z",
    "end": null,
    "user": null,
    "caller_id": null,
    "service": 2,
    "_language": null
  }
},
{
  "model": "service_development.callsession",
  "pk": 7,
  "fields": {
    "start": "2018-05-02T10:09:42.874Z",
    "end": null,
    "user": null,
    "caller_id": null,
    "service": 2,
    "_language": null
  }
},
{
  "model": "service_development.callsession",
  "pk": 8,
  "fields": {
    "start": "2018-05-02T10:10:02.359Z",
    "end": null,
    "user": null,
    "caller_id": null,
    "service": 2,
    "_language": null
  }
},
{
  "model": "service_development.callsession",
  "pk": 9,
  "fields": {
    "start": "2018-05-02T10:10:23.293Z",
    "end": null,
    "user": null,
    "caller_id": null,
    "service": 2,
    "_language": null
  }
},
{
  "model": "service_development.callsession",
  "pk": 10,
  "fields": {
    "start": "2018-05-02T10:10:25.991Z",
    "end": null,
    "user": null,
    "caller_id": null,
    "service": 2,
    "_language": null
  }
},
{
  "model": "service_development.callsession",
  "pk": 11,
  "fields": {
    "start": "2018-05-02T10:10:59.375Z",
    "end": null,
    "user": null,
    "caller_id": null,
    "service": 2,
    "_language": null
  }
},
{
  "model": "service_development.callsession",
  "pk": 12,
  "fields": {
    "start": "2018-05-02T10:11:12.880Z",
    "end": null,
    "user": null,
    "caller_id": null,
    "service": 2,
    "_language": null
  }
},
{
  "model": "service_development.callsession",
  "pk": 13,
  "fields": {
    "start": "2018-05-02T10:11:24.932Z",
    "end": null,
    "user": null,
    "caller_id": null,
    "service": 2,
    "_language": null
  }
},
{
  "model": "service_development.callsession",
  "pk": 14,
  "fields": {
    "start": "2018-05-02T10:13:44.783Z",
    "end": null,
    "user": null,
    "caller_id": null,
    "service": 2,
    "_language": null
  }
},
{
  "model": "service_development.callsession",
  "pk": 15,
  "fields": {
    "start": "2018-05-02T10:14:29.055Z",
    "end": null,
    "user": null,
    "caller_id": null,
    "service": 2,
    "_language": null
  }
},
{
  "model": "service_development.callsession",
  "pk": 16,
  "fields": {
    "start": "2018-05-02T10:15:35.691Z",
    "end": null,
    "user": null,
    "caller_id": null,
    "service": 2,
    "_language": null
  }
},
{
  "model": "service_development.callsession",
  "pk": 17,
  "fields": {
    "start": "2018-05-02T10:16:08.306Z",
    "end": null,
    "user": null,
    "caller_id": null,
    "service": 2,
    "_language": null
  }
},
{
  "model": "service_development.callsession",
  "pk": 18,
  "fields": {
    "start": "2018-05-02T10:19:10.581Z",
    "end": null,
    "user": null,
    "caller_id": null,
    "service": 2,
    "_language": null
  }
},
{
  "model": "service_development.callsession",
  "pk": 19,
  "fields": {
    "start": "2018-05-02T10:19:26.779Z",
    "end": null,
    "user": null,
    "caller_id": null,
    "service": 2,
    "_language": null
  }
},
{
  "model": "service_development.callsession",
  "pk": 20,
  "fields": {
    "start": "2018-05-03T07:44:12.414Z",
    "end": null,
    "user": null,
    "caller_id": null,
    "service": 2,
    "_language": null
  }
},
{
  "model": "service_development.callsession",
  "pk": 21,
  "fields": {
    "start": "2018-05-03T07:45:04.699Z",
    "end": null,
    "user": null,
    "caller_id": "1234",
    "service": 2,
    "_language": null
  }
},
{
  "model": "service_development.callsession",
  "pk": 22,
  "fields": {
    "start": "2018-05-03T07:45:11.483Z",
    "end": null,
    "user": null,
    "caller_id": "1234",
    "service": 2,
    "_language": null
  }
},
{
  "model": "service_development.callsession",
  "pk": 23,
  "fields": {
    "start": "2018-05-03T08:35:13.550Z",
    "end": "2018-05-03T08:35:14.173Z",
    "user": null,
    "caller_id": null,
    "service": 2,
    "_language": 2
  }
},
{
  "model": "service_development.callsession",
  "pk": 24,
  "fields": {
    "start": "2018-05-03T09:04:12.044Z",
    "end": "2018-05-03T09:04:12.356Z",
    "user": null,
    "caller_id": "1234",
    "service": 2,
    "_language": 2
  }
},
{
  "model": "service_development.callsessionstep",
  "pk": 1,
  "fields": {
    "time": "2018-05-03T08:35:14.275Z",
    "session": 23,
    "_visited_element": 9,
    "description": null
  }
},
{
  "model": "service_development.callsessionstep",
  "pk": 2,
  "fields": {
    "time": "2018-05-03T09:04:12.436Z",
    "session": 24,
    "_visited_element": 9,
    "description": null
  }
},
{
  "model": "service_development.choice",
  "pk": 9,
  "fields": {}
},
{
  "model": "service_development.choice",
  "pk": 24,
  "fields": {}
},
{
  "model": "service_development.choice",
  "pk": 41,
  "fields": {}
},
{
  "model": "service_development.choice",
  "pk": 51,
  "fields": {}
},
{
  "model": "service_development.choice",
  "pk": 73,
  "fields": {}
},
{
  "model": "service_development.choice",
  "pk": 79,
  "fields": {}
},
{
  "model": "service_development.choiceoption",
  "pk": 10,
  "fields": {
    "parent": 9,
    "_redirect": 16
  }
},
{
  "model": "service_development.choiceoption",
  "pk": 11,
  "fields": {
    "parent": 9,
    "_redirect": 72
  }
},
{
  "model": "service_development.choiceoption",
  "pk": 25,
  "fields": {
    "parent": 24,
    "_redirect": 41
  }
},
{
  "model": "service_development.choiceoption",
  "pk": 26,
  "fields": {
    "parent": 24,
    "_redirect": 41
  }
},
{
  "model": "service_development.choiceoption",
  "pk": 27,
  "fields": {
    "parent": 24,
    "_redirect": 41
  }
},
{
  "model": "service_development.choiceoption",
  "pk": 42,
  "fields": {
    "parent": 41,
    "_redirect": 51
  }
},
{
  "model": "service_development.choiceoption",
  "pk": 43,
  "fields": {
    "parent": 41,
    "_redirect": 51
  }
},
{
  "model": "service_development.choiceoption",
  "pk": 52,
  "fields": {
    "parent": 51,
    "_redirect": 76
  }
},
{
  "model": "service_development.choiceoption",
  "pk": 53,
  "fields": {
    "parent": 51,
    "_redirect": 76
  }
},
{
  "model": "service_development.choiceoption",
  "pk": 74,
  "fields": {
    "parent": 73,
    "_redirect": 79
  }
},
{
  "model": "service_development.choiceoption",
  "pk": 75,
  "fields": {
    "parent": 73,
    "_redirect": 79
  }
},
{
  "model": "service_development.choiceoption",
  "pk": 80,
  "fields": {
    "parent": 79,
    "_redirect": 83
  }
},
{
  "model": "service_development.choiceoption",
  "pk": 81,
  "fields": {
    "parent": 79,
    "_redirect": 83
  }
},
{
  "model": "service_development.messagepresentation",
  "pk": 12,
  "fields": {
    "final_element": false,
    "_redirect": 13
  }
},
{
  "model": "service_development.messagepresentation",
  "pk": 13,
  "fields": {
    "final_element": false,
    "_redirect": 14
  }
},
{
  "model": "service_development.messagepresentation",
  "pk": 14,
  "fields": {
    "final_element": false,
    "_redirect": 13
  }
},
{
  "model": "service_development.messagepresentation",
  "pk": 16,
  "fields": {
    "final_element": false,
    "_redirect": 18
  }
},
{
  "model": "service_development.messagepresentation",
  "pk": 17,
  "fields": {
    "final_element": false,
    "_redirect": 73
  }
},
{
  "model": "service_development.messagepresentation",
  "pk": 18,
  "fields": {
    "final_element": false,
    "_redirect": 17
  }
},
{
  "model": "service_development.messagepresentation",
  "pk": 20,
  "fields": {
    "final_element": false,
    "_redirect": 21
  }
},
{
  "model": "service_development.messagepresentation",
  "pk": 21,
  "fields": {
    "final_element": false,
    "_redirect": 22
  }
},
{
  "model": "service_development.messagepresentation",
  "pk": 22,
  "fields": {
    "final_element": false,
    "_redirect": 23
  }
},
{
  "model": "service_development.messagepresentation",
  "pk": 23,
  "fields": {
    "final_element": true,
    "_redirect": null
  }
},
{
  "model": "service_development.messagepresentation",
  "pk": 28,
  "fields": {
    "final_element": false,
    "_redirect": 29
  }
},
{
  "model": "service_development.messagepresentation",
  "pk": 29,
  "fields": {
    "final_element": false,
    "_redirect": 35
  }
},
{
  "model": "service_development.messagepresentation",
  "pk": 30,
  "fields": {
    "final_element": false,
    "_redirect": 31
  }
},
{
  "model": "service_development.messagepresentation",
  "pk": 31,
  "fields": {
    "final_element": false,
    "_redirect": 36
  }
},
{
  "model": "service_development.messagepresentation",
  "pk": 32,
  "fields": {
    "final_element": false,
    "_redirect": 33
  }
},
{
  "model": "service_development.messagepresentation",
  "pk": 33,
  "fields": {
    "final_element": false,
    "_redirect": 34
  }
},
{
  "model": "service_development.messagepresentation",
  "pk": 34,
  "fields": {
    "final_element": false,
    "_redirect": 37
  }
},
{
  "model": "service_development.messagepresentation",
  "pk": 35,
  "fields": {
    "final_element": false,
    "_redirect": 39
  }
},
{
  "model": "service_development.messagepresentation",
  "pk": 36,
  "fields": {
    "final_element": false,
    "_redirect": 38
  }
},
{
  "model": "service_development.messagepresentation",
  "pk": 37,
  "fields": {
    "final_element": false,
    "_redirect": 40
  }
},
{
  "model": "service_development.messagepresentation",
  "pk": 38,
  "fields": {
    "final_element": false,
    "_redirect": 40
  }
},
{
  "model": "service_development.messagepresentation",
  "pk": 39,
  "fields": {
    "final_element": false,
    "_redirect": 40
  }
},
{
  "model": "service_development.messagepresentation",
  "pk": 40,
  "fields": {
    "final_element": true,
    "_redirect": null
  }
},
{
  "model": "service_development.messagepresentation",
  "pk": 71,
  "fields": {
    "final_element": false,
    "_redirect": 24
  }
},
{
  "model": "service_development.messagepresentation",
  "pk": 72,
  "fields": {
    "final_element": false,
    "_redirect": 24
  }
},
{
  "model": "service_development.messagepresentation",
  "pk": 76,
  "fields": {
    "final_element": true,
    "_redirect": null
  }
},
{
  "model": "service_development.messagepresentation",
  "pk": 83,
  "fields": {
    "final_element": true,
    "_redirect": null
  }
},
{
  "model": "service_development.userinputcategory",
  "pk": 1,
  "fields": {
    "name": "Number of items to buy",
    "description": "states the number of items that a custumer wants to buy",
    "service": 2
  }
}
]
